{"cameraMode":{"drawMode":0,"name":"Shaded","section":"Shading Mode"},"sceneLighting":false,"audioPlay":false,"sceneViewState":{"m_AlwaysRefresh":false,"showFog":true,"showSkybox":false,"showFlares":true,"showImageEffects":true,"showParticleSystems":true,"showVisualEffectGraphs":true,"m_FxEnabled":true},"in2DMode":false,"pivot":{"x":4.315268516540527,"y":328.2136535644531,"z":-159.10061645507813},"rotation":{"x":-0.058763064444065097,"y":0.02249949425458908,"z":-0.001467795460484922,"w":-0.9981038570404053},"size":12.133879661560059,"orthographic":true}