{"cameraMode":{"drawMode":0,"name":"Shaded","section":"Shading Mode"},"sceneLighting":true,"audioPlay":false,"sceneViewState":{"m_AlwaysRefresh":false,"showFog":true,"showSkybox":true,"showFlares":true,"showImageEffects":true,"showParticleSystems":true,"showVisualEffectGraphs":true,"m_FxEnabled":true},"in2DMode":false,"pivot":{"x":286.9012756347656,"y":1166.5650634765625,"z":303.08355712890627},"rotation":{"x":-0.058763064444065097,"y":0.02249949425458908,"z":-0.001467795460484922,"w":-0.9981038570404053},"size":1217.845703125,"orthographic":true}