{"cameraMode":{"drawMode":0,"name":"Shaded","section":"Shading Mode"},"sceneLighting":true,"audioPlay":false,"sceneViewState":{"m_AlwaysRefresh":false,"showFog":true,"showSkybox":true,"showFlares":true,"showImageEffects":true,"showParticleSystems":true,"showVisualEffectGraphs":true,"m_FxEnabled":true},"in2DMode":false,"pivot":{"x":36.56024932861328,"y":32.719871520996097,"z":77.29559326171875},"rotation":{"x":0.18492019176483155,"y":0.05745142325758934,"z":-0.010827818885445595,"w":0.9810316562652588},"size":24.46047592163086,"orthographic":false}