{"cameraMode":{"drawMode":0,"name":"Shaded","section":"Shading Mode"},"sceneLighting":true,"audioPlay":false,"sceneViewState":{"m_AlwaysRefresh":false,"showFog":true,"showSkybox":true,"showFlares":true,"showImageEffects":true,"showParticleSystems":true,"showVisualEffectGraphs":true,"m_FxEnabled":true},"in2DMode":false,"pivot":{"x":21.592496871948243,"y":1.2857093811035157,"z":2.862751007080078},"rotation":{"x":0.10958848148584366,"y":-0.010756400413811207,"z":0.0011832618620246649,"w":0.9939712882041931},"size":8.34802532196045,"orthographic":false}