{"cameraMode":{"drawMode":0,"name":"Shaded","section":"Shading Mode"},"sceneLighting":true,"audioPlay":false,"sceneViewState":{"m_AlwaysRefresh":false,"showFog":true,"showSkybox":true,"showFlares":true,"showImageEffects":true,"showParticleSystems":true,"showVisualEffectGraphs":true,"m_FxEnabled":true},"in2DMode":false,"pivot":{"x":12.465786933898926,"y":59.53373718261719,"z":17.73849868774414},"rotation":{"x":-0.2087814062833786,"y":0.00001817007978388574,"z":-0.00013887719251215458,"w":-0.9780512452125549},"size":83.24898529052735,"orthographic":true}