{"cameraMode":{"drawMode":0,"name":"Shaded","section":"Shading Mode"},"sceneLighting":true,"audioPlay":false,"sceneViewState":{"m_AlwaysRefresh":false,"showFog":true,"showSkybox":true,"showFlares":true,"showImageEffects":true,"showParticleSystems":true,"showVisualEffectGraphs":true,"m_FxEnabled":true},"in2DMode":false,"pivot":{"x":541.8460693359375,"y":1107.498291015625,"z":-17.565185546875},"rotation":{"x":-0.00031706865411251783,"y":-0.055428363382816318,"z":-0.00010883182403631508,"w":-0.9985506534576416},"size":1342.0723876953125,"orthographic":true}