{"cameraMode":{"drawMode":0,"name":"Shaded","section":"Shading Mode"},"sceneLighting":true,"audioPlay":false,"sceneViewState":{"m_AlwaysRefresh":false,"showFog":true,"showSkybox":true,"showFlares":true,"showImageEffects":true,"showParticleSystems":true,"showVisualEffectGraphs":true,"m_FxEnabled":true},"in2DMode":false,"pivot":{"x":40.603759765625,"y":0.20227688550949098,"z":0.9045224189758301},"rotation":{"x":0.02548093907535076,"y":0.1591387540102005,"z":-0.004098917823284864,"w":0.9869818687438965},"size":3.1898727416992189,"orthographic":false}