{"cameraMode":{"drawMode":0,"name":"Shaded","section":"Shading Mode"},"sceneLighting":true,"audioPlay":false,"sceneViewState":{"m_AlwaysRefresh":false,"showFog":true,"showSkybox":true,"showFlares":true,"showImageEffects":true,"showParticleSystems":true,"showVisualEffectGraphs":true,"m_FxEnabled":true},"in2DMode":false,"pivot":{"x":15.03785514831543,"y":13.443126678466797,"z":12.231258392333985},"rotation":{"x":0.2638339400291443,"y":-0.1784464567899704,"z":0.049738965928554538,"w":0.9466367959976196},"size":31.40678596496582,"orthographic":false}